brand,topic,parent_company,ticker,official_domain
Nike,sportswear,,,
Adidas,sportswear,,,
Puma,sportswear,,,
Under Armour,sportswear,,,
Reebok,sportswear,,,
New Balance,sportswear,,,
Asics,sportswear,,,
Fila,sportswear,,,
Champion,sportswear,,,
Lululemon,sportswear,,,
Gymshark,sportswear,,,
Umbro,sportswear,,,
Kappa,sportswear,,,
Ellesse,sportswear,,,
Le Coq Sportif,sportswear,,,
Converse,footwear,,,
Vans,footwear,,,
Timberland,footwear,,,
Dr. Martens,footwear,,,
Birkenstock,footwear,,,
Crocs,footwear,,,
UGG,footwear,,,
Skechers,footwear,,,
Salomon,footwear,,,
Hoka,footwear,,,
On Running,footwear,,,
Clarks,footwear,,,
Ecco,footwear,,,
Geox,footwear,,,
Steve Madden,footwear,,,
Louis Vuitton,luxury-fashion,,,
Gucci,luxury-fashion,,,
Chanel,luxury-fashion,,,
Prada,luxury-fashion,,,
Hermes,luxury-fashion,,,
Dior,luxury-fashion,,,
Balenciaga,luxury-fashion,,,
Versace,luxury-fashion,,,
Fendi,luxury-fashion,,,
Burberry,luxury-fashion,,,
Givenchy,luxury-fashion,,,
Saint Laurent,luxury-fashion,,,
Bottega Veneta,luxury-fashion,,,
Valentino,luxury-fashion,,,
Dolce & Gabbana,luxury-fashion,,,
Zara,fashion,,,
H&M,fashion,,,
Uniqlo,fashion,,,
Ralph Lauren,fashion,,,
Tommy Hilfiger,fashion,,,
Calvin Klein,fashion,,,
Lacoste,fashion,,,
Hugo Boss,fashion,,,
Levi's,fashion,,,
Diesel,fashion,,,
Guess,fashion,,,
Gap,fashion,,,
Mango,fashion,,,
Massimo Dutti,fashion,,,
Abercrombie & Fitch,fashion,,,
Supreme,streetwear,,,
Off-White,streetwear,,,
Stussy,streetwear,,,
Palace,streetwear,,,
BAPE,streetwear,,,
Carhartt,streetwear,,,
Obey,streetwear,,,
Kith,streetwear,,,
Fear of God,streetwear,,,
Stone Island,streetwear,,,
C.P. Company,streetwear,,,
Billionaire Boys Club,streetwear,,,
Anti Social Social Club,streetwear,,,
Vetements,streetwear,,,
Aime Leon Dore,streetwear,,,
Rolex,watches,,,
Omega,watches,,,
Casio,watches,,,
Seiko,watches,,,
Citizen,watches,,,
TAG Heuer,watches,,,
Breitling,watches,,,
Patek Philippe,watches,,,
Audemars Piguet,watches,,,
Cartier,watches,,,
Tissot,watches,,,
Fossil,watches,,,
Longines,watches,,,
Swatch,watches,,,
G-Shock,watches,,,
Pandora,jewelry,,,
Tiffany & Co,jewelry,,,
Swarovski,jewelry,,,
Bvlgari,jewelry,,,
Van Cleef & Arpels,jewelry,,,
Chopard,jewelry,,,
Mejuri,jewelry,,,
APM Monaco,jewelry,,,
Thomas Sabo,jewelry,,,
Monica Vinader,jewelry,,,
Coach,bags-luggage,,,
Michael Kors,bags-luggage,,,
Kate Spade,bags-luggage,,,
Longchamp,bags-luggage,,,
Tumi,bags-luggage,,,
Samsonite,bags-luggage,,,
Herschel,bags-luggage,,,
Fjallraven,bags-luggage,,,
Rimowa,bags-luggage,,,
MCM,bags-luggage,,,
Ray-Ban,eyewear,,,
Oakley,eyewear,,,
Persol,eyewear,,,
Maui Jim,eyewear,,,
Costa Del Mar,eyewear,,,
Gentle Monster,eyewear,,,
Bolle,eyewear,,,
Serengeti,eyewear,,,
Spy Optic,eyewear,,,
Quay,eyewear,,,
MAC Cosmetics,makeup,,,
Maybelline,makeup,,,
L'Oreal,makeup,,,
Estee Lauder,makeup,,,
Clinique,makeup,,,
NARS,makeup,,,
Urban Decay,makeup,,,
Charlotte Tilbury,makeup,,,
Fenty Beauty,makeup,,,
Rare Beauty,makeup,,,
Benefit Cosmetics,makeup,,,
Too Faced,makeup,,,
NYX,makeup,,,
Huda Beauty,makeup,,,
Anastasia Beverly Hills,makeup,,,
The Ordinary,skincare,,,
CeraVe,skincare,,,
La Roche-Posay,skincare,,,
Kiehl's,skincare,,,
Drunk Elephant,skincare,,,
Tatcha,skincare,,,
La Mer,skincare,,,
SK-II,skincare,,,
Olay,skincare,,,
Neutrogena,skincare,,,
Jo Malone,perfume,,,
Creed,perfume,,,
Tom Ford,perfume,,,
Byredo,perfume,,,
Le Labo,perfume,,,
Diptyque,perfume,,,
Maison Francis Kurkdjian,perfume,,,
Amouage,perfume,,,
Parfums de Marly,perfume,,,
Xerjoff,perfume,,,
Toyota,cars,,,
BMW,cars,,,
Mercedes-Benz,cars,,,
Audi,cars,,,
Ford,cars,,,
Tesla,cars,,,
Porsche,cars,,,
Ferrari,cars,,,
Lamborghini,cars,,,
Honda,cars,,,
Volkswagen,cars,,,
Jeep,cars,,,
Land Rover,cars,,,
Subaru,cars,,,
Mazda,cars,,,
Harley-Davidson,motorcycles-cycling,,,
Ducati,motorcycles-cycling,,,
Yamaha,motorcycles-cycling,,,
Kawasaki,motorcycles-cycling,,,
Specialized,motorcycles-cycling,,,
Trek,motorcycles-cycling,,,
Giant,motorcycles-cycling,,,
Cannondale,motorcycles-cycling,,,
Brompton,motorcycles-cycling,,,
Shimano,motorcycles-cycling,,,
Apple,electronics,,,
Samsung,electronics,,,
Sony,electronics,,,
Bose,electronics,,,
JBL,electronics,,,
Beats,electronics,,,
Dyson,electronics,,,
GoPro,electronics,,,
DJI,electronics,,,
Anker,electronics,,,
Logitech,electronics,,,
Philips,electronics,,,
Xiaomi,electronics,,,
Marshall,electronics,,,
Sennheiser,electronics,,,
Nintendo,gaming,,,
PlayStation,gaming,,,
Xbox,gaming,,,
Razer,gaming,,,
SteelSeries,gaming,,,
Pokemon,gaming,,,
Magic The Gathering,gaming,,,
Warhammer,gaming,,,
Funko,gaming,,,
Roblox,gaming,,,
Minecraft,gaming,,,
Fortnite,gaming,,,
Call of Duty,gaming,,,
World of Warcraft,gaming,,,
Zelda,gaming,,,
Lego,toys,,,
Barbie,toys,,,
Hot Wheels,toys,,,
Nerf,toys,,,
Playmobil,toys,,,
Fisher-Price,toys,,,
Hasbro,toys,,,
Mattel,toys,,,
Squishmallows,toys,,,
Jellycat,toys,,,
Bruder,toys,,,
Melissa & Doug,toys,,,
Ty Beanie Babies,toys,,,
Sylvanian Families,toys,,,
Ravensburger,toys,,,
The North Face,outdoor,,,
Patagonia,outdoor,,,
Columbia,outdoor,,,
Arc'teryx,outdoor,,,
Moncler,outdoor,,,
Canada Goose,outdoor,,,
Mammut,outdoor,,,
Salewa,outdoor,,,
Jack Wolfskin,outdoor,,,
Osprey,outdoor,,,
Deuter,outdoor,,,
Yeti,outdoor,,,
Stanley,outdoor,,,
Helly Hansen,outdoor,,,
Marmot,outdoor,,,
Wilson,sports-equipment,,,
Spalding,sports-equipment,,,
Titleist,sports-equipment,,,
Callaway,sports-equipment,,,
Babolat,sports-equipment,,,
Head,sports-equipment,,,
Yonex,sports-equipment,,,
Mizuno,sports-equipment,,,
Everlast,sports-equipment,,,
Speedo,sports-equipment,,,
Rossignol,sports-equipment,,,
Burton,sports-equipment,,,
TaylorMade,sports-equipment,,,
Slazenger,sports-equipment,,,
Decathlon,sports-equipment,,,
Real Madrid,football-clubs,,,
FC Barcelona,football-clubs,,,
Manchester United,football-clubs,,,
Liverpool FC,football-clubs,,,
Arsenal,football-clubs,,,
Chelsea FC,football-clubs,,,
Bayern Munich,football-clubs,,,
Juventus,football-clubs,,,
Paris Saint-Germain,football-clubs,,,
AC Milan,football-clubs,,,
IKEA,home-kitchen,,,
KitchenAid,home-kitchen,,,
Nespresso,home-kitchen,,,
Le Creuset,home-kitchen,,,
Zwilling,home-kitchen,,,
Tefal,home-kitchen,,,
SMEG,home-kitchen,,,
Vitamix,home-kitchen,,,
Weber,home-kitchen,,,
Thermomix,home-kitchen,,,
Cybex,baby,,,
Bugaboo,baby,,,
Chicco,baby,,,
Graco,baby,,,
Stokke,baby,,,
UPPAbaby,baby,,,
Ergobaby,baby,,,
Doona,baby,,,
Joie,baby,,,
Maxi-Cosi,baby,,,
Victoria's Secret,underwear,,,
Skims,underwear,,,
Spanx,underwear,,,
Triumph,underwear,,,
Jockey,underwear,,,
Montblanc,pens-stationery,,,
Parker,pens-stationery,,,
Lamy,pens-stationery,,,
Cross,pens-stationery,,,
Moleskine,pens-stationery,,,
Fender,musical-instruments,,,
Gibson,musical-instruments,,,
Roland,musical-instruments,,,
Korg,musical-instruments,,,
Ibanez,musical-instruments,,,
NVIDIA,electronics-technology,NVIDIA Corporation,NVDA,
Alphabet,software-internet,Alphabet Inc.,GOOGL,
Microsoft,software-internet,Microsoft Corporation,MSFT,
Amazon.com,retail-ecommerce,Amazon.com Inc.,AMZN,
Taiwan Semiconductor Manufacturing,electronics-technology,Taiwan Semiconductor Manufacturing Company Ltd.,TSM,
Broadcom,electronics-technology,Broadcom Inc.,AVGO,
Space Exploration Technologies,software-internet,Space Exploration Technologies Corp.,SPCX,
Meta Platforms,software-internet,Meta Platforms Inc.,META,
SK hynix,electronics-technology,SK hynix Inc.,SKHY,
Eli Lilly,healthcare-life-sciences,Eli Lilly and Company,LLY,
Berkshire Hathaway,diversified,Berkshire Hathaway Inc.,BRK/A,
Micron Technology,electronics-technology,Micron Technology Inc.,MU,
JP Morgan Chase,financial-services,JP Morgan Chase & Co.,JPM,
Walmart,retail-ecommerce,Walmart Inc.,WMT,
Advanced Micro Devices,electronics-technology,Advanced Micro Devices Inc.,AMD,
ASML Holding,industrials-defense,ASML Holding N.V.,ASML,
Visa,consumer-discretionary,Visa Inc.,V,
ExxonMobil Holdings,energy-utilities,ExxonMobil Holdings Corporation,XOM,
Johnson & Johnson,healthcare-life-sciences,Johnson & Johnson,JNJ,
Intel,electronics-technology,Intel Corporation,INTC,
Mastercard,consumer-discretionary,Mastercard Incorporated,MA,
AbbVie,healthcare-life-sciences,AbbVie Inc.,ABBV,
Applied Materials,electronics-technology,Applied Materials Inc.,AMAT,
Cisco Systems,telecom,Cisco Systems Inc.,CSCO,
Bank of America,financial-services,Bank of America Corporation,BAC,
Costco Wholesale,retail-ecommerce,Costco Wholesale Corporation,COST,
Caterpillar,industrials-defense,Caterpillar Inc.,CAT,
Lam Research,industrials-defense,Lam Research Corporation,LRCX,
UnitedHealth Group,healthcare-life-sciences,UnitedHealth Group Incorporated,UNH,
Chevron,energy-utilities,Chevron Corporation,CVX,
Oracle,software-internet,Oracle Corporation,ORCL,
GE Aerospace,home-consumer,GE Aerospace,GE,
Coca-Cola,food-beverage,Coca-Cola Company (The),KO,
HSBC Holdings plc.,financial-services,HSBC Holdings plc.,HSBC,
Procter & Gamble,beauty-personal-care,Procter & Gamble Company (The),PG,
Morgan Stanley,financial-services,Morgan Stanley,MS,
Home Depot,retail-ecommerce,Home Depot Inc. (The),HD,
Palantir Technologies,software-internet,Palantir Technologies Inc.,PLTR,
Goldman Sachs Group,financial-services,Goldman Sachs Group Inc. (The),GS,
Merck,healthcare-life-sciences,Merck & Company Inc.,MRK,
Arm Holdings,electronics-technology,Arm Holdings plc,ARM,
Philip Morris International,healthcare-life-sciences,Philip Morris International Inc,PM,
Novartis,healthcare-life-sciences,Novartis AG,NVS,
GE Vernova,diversified,GE Vernova Inc.,GEV,
Royal Bank Of Canada,financial-services,Royal Bank Of Canada,RY,
Toyota Motor,automotive,Toyota Motor Corporation,TM,
KLA,electronics-technology,KLA Corporation,KLAC,
Netflix,home-consumer,Netflix Inc.,NFLX,
Alibaba Group Holding,consumer-discretionary,Alibaba Group Holding Limited,BABA,
Palo Alto Networks,technology,Palo Alto Networks Inc.,PANW,
Texas Instruments,electronics-technology,Texas Instruments Incorporated,TXN,
Wells Fargo,financial-services,Wells Fargo & Company,WFC,
RTX,industrials-defense,RTX Corporation,RTX,
Mitsubishi UFJ Financial Group,financial-services,Mitsubishi UFJ Financial Group Inc.,MUFG,
Dell Technologies,electronics-technology,Dell Technologies Inc.,DELL,
AstraZeneca,healthcare-life-sciences,AstraZeneca PLC,AZN,
Shell,energy-utilities,Shell PLC,SHEL,
American Express,financial-services,American Express Company,AXP,
Comcast Holdings ZONES,media-entertainment,Comcast Holdings ZONES,CCZ,
Linde,materials-mining,Linde plc,LIN,
Sandisk,electronics-technology,Sandisk Corporation,SNDK,
Citigroup,financial-services,Citigroup Inc.,C,
Arista Networks,telecom,Arista Networks Inc.,ANET,
Novo Nordisk A/S,healthcare-life-sciences,Novo Nordisk A/S,NVO,
BHP Group,energy-utilities,BHP Group Limited,BHP,
T-Mobile US,electronics-technology,T-Mobile US Inc.,TMUS,
Banco Santander S.A. Sponsored ADR (Spain),financial-services,Banco Santander S.A. Sponsored ADR (Spain),SAN,
Seagate Technology Holdings,electronics-technology,Seagate Technology Holdings PLC,STX,
Toronto Dominion Bank,financial-services,Toronto Dominion Bank (The),TD,
International Business Machines,electronics-technology,International Business Machines Corporation,IBM,
Amgen,healthcare-life-sciences,Amgen Inc.,AMGN,
CrowdStrike Holdings,software-internet,CrowdStrike Holdings Inc.,CRWD,
Thermo Fisher Scientific,industrials-defense,Thermo Fisher Scientific Inc,TMO,
Amphenol,industrials-defense,Amphenol Corporation,APH,
SAP,software-internet,SAP SE,SAP,
Western Digital,electronics-technology,Western Digital Corporation,WDC,
McDonald's,food-beverage,McDonald's Corporation,MCD,
Analog Devices,electronics-technology,Analog Devices Inc.,ADI,
PepsiCo,food-beverage,PepsiCo Inc.,PEP,
NextEra Energy,technology,NextEra Energy Inc.,NEE,
Marvell Technology,electronics-technology,Marvell Technology Inc.,MRVL,
QUALCOMM,media-entertainment,QUALCOMM Incorporated,QCOM,
Verizon Communications,electronics-technology,Verizon Communications Inc.,VZ,
TotalEnergies,energy-utilities,TotalEnergies SE,TTE,
Charles Schwab,financial-services,Charles Schwab Corporation (The),SCHW,
Abbott Laboratories,healthcare-life-sciences,Abbott Laboratories,ABT,
Union Pacific,transport-logistics,Union Pacific Corporation,UNP,
Welltower,real-estate-construction,Welltower Inc.,WELL,
TJX Companies,fashion-apparel,TJX Companies Inc. (The),TJX,
Walt Disney,consumer-discretionary,Walt Disney Company (The),DIS,
Boeing,industrials-defense,Boeing Company (The),BA,
Sumitomo Mitsui Financial Group Inc Unsponsored,financial-services,Sumitomo Mitsui Financial Group Inc Unsponsored,SMFG,
BlackRock,financial-services,BlackRock Inc.,BLK,
UBS Group AG Registered,financial-services,UBS Group AG Registered,UBS,
Gilead Sciences,healthcare-life-sciences,Gilead Sciences Inc.,GILD,
Anheuser-Busch Inbev SA Sponsored ADR (Belgium),food-beverage,Anheuser-Busch Inbev SA Sponsored ADR (Belgium),BUD,
Interactive Brokers Group,financial-services,Interactive Brokers Group Inc.,IBKR,
Shopify,software-internet,Shopify Inc.,SHOP,
Deere,industrials-defense,Deere & Company,DE,
Eaton,industrials-defense,Eaton Corporation PLC,ETN,
AT&T,electronics-technology,AT&T Inc.,T,
Southern Copper,materials-mining,Southern Copper Corporation,SCCO,
Banco Bilbao Vizcaya Argentaria,financial-services,Banco Bilbao Vizcaya Argentaria S.A.,BBVA,
Uber Technologies,consumer-discretionary,Uber Technologies Inc.,UBER,
Applovin,software-internet,Applovin Corporation,APP,
ConocoPhillips,energy-utilities,ConocoPhillips,COP,
Pfizer,healthcare-life-sciences,Pfizer Inc.,PFE,
Prologis,real-estate-construction,Prologis Inc.,PLD,
Corning,electronics-technology,Corning Incorporated,GLW,
CVS Health,retail-ecommerce,CVS Health Corporation,CVS,
Salesforce,software-internet,Salesforce Inc.,CRM,
Booking Holdings,transport-logistics,Booking Holdings Inc.,BKNG,
Chubb,financial-services,Chubb Limited,CB,
British American Tobacco Industries p.l.c.,healthcare-life-sciences,British American Tobacco Industries p.l.c.,BTI,
Unilever,beauty-personal-care,Unilever PLC,UL,
S&P Global,financial-services,S&P Global Inc.,SPGI,
Mizuho Financial Group Inc. Sponosred ADR (Japan),financial-services,Mizuho Financial Group Inc. Sponosred ADR (Japan),MFG,
Intuitive Surgical,healthcare-life-sciences,Intuitive Surgical Inc.,ISRG,
Capital One Financial,financial-services,Capital One Financial Corporation,COF,
Bank Of Montreal,financial-services,Bank Of Montreal,BMO,
Sony Group,home-consumer,Sony Group Corporation,SONY,
Danaher,industrials-defense,Danaher Corporation,DHR,
Bristol-Myers Squibb,healthcare-life-sciences,Bristol-Myers Squibb Company,BMY,
Vertex Pharmaceuticals,healthcare-life-sciences,Vertex Pharmaceuticals Incorporated,VRTX,
HDFC Bank,financial-services,HDFC Bank Limited,HDB,
Altria Group,healthcare-life-sciences,Altria Group Inc.,MO,
Parker-Hannifin,materials-mining,Parker-Hannifin Corporation,PH,
PDD Holdings,technology,PDD Holdings Inc.,PDD,
Progressive,financial-services,Progressive Corporation (The),PGR,
Stryker,healthcare-life-sciences,Stryker Corporation,SYK,
Enbridge,energy-utilities,Enbridge Inc,ENB,
Starbucks,food-beverage,Starbucks Corporation,SBUX,
Petroleo Brasileiro S.A. Petrobras,energy-utilities,Petroleo Brasileiro S.A. Petrobras,PBR,
Lockheed Martin,industrials-defense,Lockheed Martin Corporation,LMT,
Vertiv Holdings,industrials-defense,Vertiv Holdings LLC,VRT,
Fortinet,technology,Fortinet Inc.,FTNT,
Lowe's Companies,retail-ecommerce,Lowe's Companies Inc.,LOW,
Rio Tinto,materials-mining,Rio Tinto Plc,RIO,
BP p.l.c.,energy-utilities,BP p.l.c.,BP,
Howmet Aerospace,materials-mining,Howmet Aerospace Inc.,HWM,
The Bank of New York Mellon,financial-services,The Bank of New York Mellon Corporation,BNY,
ICICI Bank,financial-services,ICICI Bank Limited,IBN,
Canadian Imperial Bank of Commerce,financial-services,Canadian Imperial Bank of Commerce,CM,
Sanofi,healthcare-life-sciences,Sanofi,SNY,
Bank Nova Scotia Halifax Pfd 3,financial-services,Bank Nova Scotia Halifax Pfd 3,BNS,
Southern,energy-utilities,Southern Company (The),SO,
Medtronic plc.,healthcare-life-sciences,Medtronic plc.,MDT,
ServiceNow,software-internet,ServiceNow Inc.,NOW,
Trane Technologies,industrials,Trane Technologies plc,TT,
Brookfield,real-estate-construction,Brookfield Corporation,BN,
GSK,healthcare-life-sciences,GSK plc,GSK,
Equinix,real-estate-construction,Equinix Inc.,EQIX,
Automatic Data Processing,industrials,Automatic Data Processing Inc.,ADP,
Spotify Technology,media-entertainment,Spotify Technology S.A.,SPOT,
General Dynamics,transport-logistics,General Dynamics Corporation,GD,
PNC Financial Services Group,financial-services,PNC Financial Services Group Inc. (The),PNC,
McKesson,healthcare-life-sciences,McKesson Corporation,MCK,
United Parcel Service,transport-logistics,United Parcel Service Inc.,UPS,
Newmont,materials-mining,Newmont Corporation,NEM,
U.S. Bancorp,financial-services,U.S. Bancorp,USB,
Marriott International,travel-hospitality,Marriott International,MAR,
Duke Energy Corporation (Holding Company),utilities,Duke Energy Corporation (Holding Company),DUK,
Robinhood Markets,financial-services,Robinhood Markets Inc.,HOOD,
Barclays,financial-services,Barclays PLC,BCS,
Cloudflare,software-internet,Cloudflare Inc.,NET,
ING Group,financial-services,ING Group N.V.,ING,
Quanta Services,industrials,Quanta Services Inc.,PWR,
Accenture,consumer-discretionary,Accenture plc,ACN,
Constellation Energy,energy-utilities,Constellation Energy Corporation,CEG,
Snowflake,software-internet,Snowflake Inc.,SNOW,
Cadence Design Systems,software-internet,Cadence Design Systems Inc.,CDNS,
Waste Management,utilities,Waste Management Inc.,WM,
Equinor ASA,energy-utilities,Equinor ASA,EQNR,
Canadian Natural Resources,energy-utilities,Canadian Natural Resources Limited,CNQ,
Valero Energy,energy-utilities,Valero Energy Corporation,VLO,
Monster Beverage,food-beverage,Monster Beverage Corporation,MNST,
Marathon Petroleum,energy-utilities,Marathon Petroleum Corporation,MPC,
CSX,transport-logistics,CSX Corporation,CSX,
Blackstone,financial-services,Blackstone Inc.,BX,
Datadog,software-internet,Datadog Inc.,DDOG,
MercadoLibre,consumer-discretionary,MercadoLibre Inc.,MELI,
Adobe,software-internet,Adobe Inc.,ADBE,
Cummins,industrials-defense,Cummins Inc.,CMI,
3M,healthcare-life-sciences,3M Company,MMM,
ASE Technology Holding,electronics-technology,ASE Technology Holding Co. Ltd.,ASX,
Williams Companies,energy-utilities,Williams Companies Inc. (The),WMB,
Lloyds Banking Group,financial-services,Lloyds Banking Group Plc,LYG,
Freeport-McMoRan,materials-mining,Freeport-McMoRan Inc.,FCX,
Marsh,financial-services,Marsh,MRSH,
CME Group,financial-services,CME Group Inc.,CME,
KKR,financial-services,KKR & Co. Inc.,KKR,
Airbnb,consumer-discretionary,Airbnb Inc.,ABNB,
Johnson Controls International,industrials-defense,Johnson Controls International plc,JCI,
Moody's,financial-services,Moody's Corporation,MCO,
Comcast,media-entertainment,Comcast Corporation,CMCSA,
Phillips 66,energy-utilities,Phillips 66,PSX,
Elevance Health,healthcare-life-sciences,Elevance Health Inc.,ELV,
Enterprise Products Partners,energy-utilities,Enterprise Products Partners L.P.,EPD,
NetEase,software-internet,NetEase Inc.,NTES,
HCA Healthcare,healthcare-life-sciences,HCA Healthcare Inc.,HCA,
Canadian Pacific Kansas City,transport-logistics,Canadian Pacific Kansas City Limited,CP,
DoorDash,technology,DoorDash Inc.,DASH,
National Grid Transco PLC National Grid,energy-utilities,National Grid Transco PLC National Grid PLC,NGG,
Cintas,fashion-apparel,Cintas Corporation,CTAS,
Intuit,software-internet,Intuit Inc.,INTU,
Sherwin-Williams,retail-ecommerce,Sherwin-Williams Company (The),SHW,
Intercontinental Exchange,financial-services,Intercontinental Exchange Inc.,ICE,
ENI S.p.A.,energy-utilities,ENI S.p.A.,E,
Illinois Tool Works,industrials-defense,Illinois Tool Works Inc.,ITW,
Emerson Electric,home-consumer,Emerson Electric Company,EMR,
American Tower Corporation (REIT),real-estate-construction,American Tower Corporation (REIT),AMT,
Brookfield Asset Management,consumer-discretionary,Brookfield Asset Management Inc,BAM,
Canadian National Railway,transport-logistics,Canadian National Railway Company,CNI,
Royal Caribbean Cruises,transport-logistics,Royal Caribbean Cruises Ltd.,RCL,
Mondelez International,food-beverage,Mondelez International Inc.,MDLZ,
The Cigna Group,healthcare-life-sciences,The Cigna Group,CI,
EOG Resources,energy-utilities,EOG Resources Inc.,EOG,
Aon,financial-services,Aon plc,AON,
The Travelers Companies,financial-services,The Travelers Companies Inc.,TRV,
Ross Stores,fashion-apparel,Ross Stores Inc.,ROST,
FedEx,transport-logistics,FedEx Corporation,FDX,
Norfolk Southern,transport-logistics,Norfolk Southern Corporation,NSC,
Ecolab,beauty-personal-care,Ecolab Inc.,ECL,
Suncor Energy,energy-utilities,Suncor Energy Inc.,SU,
NatWest Group,financial-services,NatWest Group plc,NWG,
Simon Property Group,real-estate-construction,Simon Property Group Inc.,SPG,
Hilton Worldwide Holdings,travel-hospitality,Hilton Worldwide Holdings Inc.,HLT,
Synopsys,software-internet,Synopsys Inc.,SNPS,
Honeywell International,industrials-defense,Honeywell International Inc.,HON,
O'Reilly Automotive,consumer-discretionary,O'Reilly Automotive Inc.,ORLY,
Colgate-Palmolive,beauty-personal-care,Colgate-Palmolive Company,CL,
Northrop Grumman,industrials-defense,Northrop Grumman Corporation,NOC,
Kinder Morgan,energy-utilities,Kinder Morgan Inc.,KMI,
Agnico Eagle Mines,materials-mining,Agnico Eagle Mines Limited,AEM,
Manulife Financial,financial-services,Manulife Financial Corporation,MFC,
American Electric Power,energy-utilities,American Electric Power Company Inc.,AEP,
General Motors,automotive,General Motors Company,GM,
TC Energy,energy-utilities,TC Energy Corporation,TRP,
Regeneron Pharmaceuticals,healthcare-life-sciences,Regeneron Pharmaceuticals Inc.,REGN,
Carvana,retail-ecommerce,Carvana Co.,CVNA,
NXP Semiconductors,electronics-technology,NXP Semiconductors N.V.,NXPI,
SLB,energy-utilities,SLB Limited,SLB,
Apollo Global Management,financial-services,Apollo Global Management Inc.,APO,
Nu Holdings,financial-services,Nu Holdings Ltd.,NU,
Monolithic Power Systems,electronics-technology,Monolithic Power Systems Inc.,MPWR,
Digital Realty Trust,real-estate-construction,Digital Realty Trust Inc.,DLR,
Transdigm Group,industrials-defense,Transdigm Group Incorporated,TDG,
Motorola Solutions,media-entertainment,Motorola Solutions Inc.,MSI,
CRH,industrials,CRH PLC,CRH,
Air Products and Chemicals,materials-mining,Air Products and Chemicals Inc.,APD,
Deutsche Bank,financial-services,Deutsche Bank AG,DB,
PACCAR,automotive,PACCAR Inc.,PCAR,
Republic Services,utilities,Republic Services Inc.,RSG,
Sea,consumer-discretionary,Sea Limited,SE,
Boston Scientific,healthcare-life-sciences,Boston Scientific Corporation,BSX,
Warner Bros. Discovery Inc. Series A,consumer-discretionary,Warner Bros. Discovery Inc. Series A,WBD,
Allstate,financial-services,Allstate Corporation (The),ALL,
Lumentum Holdings,electronics-technology,Lumentum Holdings Inc.,LITE,
W.W. Grainger,industrials,W.W. Grainger Inc.,GWW,
Arthur J. Gallagher,financial-services,Arthur J. Gallagher & Co.,AJG,
Truist Financial,financial-services,Truist Financial Corporation,TFC,
United Rentals,consumer-discretionary,United Rentals Inc.,URI,
Target,retail-ecommerce,Target Corporation,TGT,
Bloom Energy,energy-utilities,Bloom Energy Corporation,BE,
Honeywell Aerospace,industrials-defense,Honeywell Aerospace Inc.,HONA,
AFLAC,financial-services,AFLAC Incorporated,AFL,
Comfort Systems USA,industrials,Comfort Systems USA Inc.,FIX,
Dominion Energy,energy-utilities,Dominion Energy Inc.,D,
Hewlett Packard Enterprise,retail-ecommerce,Hewlett Packard Enterprise Company,HPE,
Nokia Corporation Sponsored,media-entertainment,Nokia Corporation Sponsored,NOK,
Coherent,electronics-technology,Coherent Corp.,COHR,
Barrick Mining,materials-mining,Barrick Mining Corporation,B,
TE Connectivity,electronics-technology,TE Connectivity plc,TEL,
Realty Income,real-estate-construction,Realty Income Corporation,O,
VALE,materials-mining,VALE S.A.,VALE,
RELX,consumer-discretionary,RELX PLC PLC,RELX,
Targa Resources,energy-utilities,Targa Resources Inc.,TRGP,
Imperial Oil,energy-utilities,Imperial Oil Limited,IMO,
MetLife,financial-services,MetLife Inc.,MET,
Cencora,healthcare-life-sciences,Cencora Inc.,COR,
Teradyne,industrials-defense,Teradyne Inc.,TER,
DBA Sempra,energy-utilities,DBA Sempra,SRE,
Corteva,consumer-staples,Corteva Inc.,CTVA,
STMicroelectronics,electronics-technology,STMicroelectronics N.V.,STM,
Ciena,electronics-technology,Ciena Corporation,CIEN,
ONEOK,energy-utilities,ONEOK Inc.,OKE,
Ford Motor,automotive,Ford Motor Company,F,
Carrier Global,industrials-defense,Carrier Global Corporation,CARR,
Astera Labs,electronics-technology,Astera Labs Inc.,ALAB,
Diamondback Energy,energy-utilities,Diamondback Energy Inc.,FANG,
Occidental Petroleum,energy-utilities,Occidental Petroleum Corporation,OXY,
Keysight Technologies,industrials-defense,Keysight Technologies Inc.,KEYS,
Delta Air Lines,transport-logistics,Delta Air Lines Inc.,DAL,
Baker Hughes,energy-utilities,Baker Hughes Company,BKR,
Public Storage,real-estate-construction,Public Storage,PSA,
Vistra,energy-utilities,Vistra Corp.,VST,
Cheniere Energy,energy-utilities,Cheniere Energy Inc.,LNG,
AMETEK,industrials-defense,AMETEK Inc.,AME,
argenx,healthcare-life-sciences,argenx SE,ARGX,
Cenovus Energy,energy-utilities,Cenovus Energy Inc,CVE,
Nucor,materials-mining,Nucor Corporation,NUE,
United Microelectronics,electronics-technology,United Microelectronics Corporation,UMC,
Cardinal Health,healthcare-life-sciences,Cardinal Health Inc.,CAH,
Electronic Arts,consumer-discretionary,Electronic Arts Inc.,EA,
Nebius Group,software-internet,Nebius Group N.V.,NBIS,
L3Harris Technologies,industrials-defense,L3Harris Technologies Inc.,LHX,
Medline,healthcare-life-sciences,Medline Inc.,MDLN,
Fifth Third Bancorp,financial-services,Fifth Third Bancorp,FITB,
Rockwell Automation,industrials-defense,Rockwell Automation Inc.,ROK,
Fastenal,retail-ecommerce,Fastenal Company,FAST,
Nasdaq,financial-services,Nasdaq Inc.,NDAQ,
Entergy,energy-utilities,Entergy Corporation,ETR,
State Street,financial-services,State Street Corporation,STT,
Devon Energy,energy-utilities,Devon Energy Corporation,DVN,
eBay,consumer-discretionary,eBay Inc.,EBAY,
Arcelor Mittal,materials-mining,Arcelor Mittal,MT,
Wheaton Precious Metals,materials-mining,Wheaton Precious Metals Corp,WPM,
PayPal Holdings,industrials,PayPal Holdings Inc.,PYPL,
AutoZone,consumer-discretionary,AutoZone Inc.,AZO,
Xcel Energy,utilities,Xcel Energy Inc.,XEL,
Ambev,food-beverage,Ambev S.A.,ABEV,
Old Dominion Freight Line,transport-logistics,Old Dominion Freight Line Inc.,ODFL,
Humana,healthcare-life-sciences,Humana Inc.,HUM,
Edwards Lifesciences,healthcare-life-sciences,Edwards Lifesciences Corporation,EW,
Coca-Cola Europacific Partners,food-beverage,Coca-Cola Europacific Partners plc,CCEP,
Block,software-internet,Block Inc.,XYZ,
Heico,industrials-defense,Heico Corporation,HEI,
Ventas,real-estate-construction,Ventas Inc.,VTR,
Garmin,industrials-defense,Garmin Ltd.,GRMN,
Ameriprise Financial,financial-services,Ameriprise Financial Inc.,AMP,
Coinbase Global,financial-services,Coinbase Global Inc.,COIN,
Diageo,food-beverage,Diageo plc,DEO,
Exelon,utilities,Exelon Corporation,EXC,
Pacific Gas & Electric,utilities,Pacific Gas & Electric Co.,PCG,
Flex,industrials-defense,Flex Ltd.,FLEX,
Ferrovial,industrials-defense,Ferrovial N.V.,FER,
Infosys,technology,Infosys Limited,INFY,
ORIX,financial-services,ORIX Corporation,IX,
Autodesk,software-internet,Autodesk Inc.,ADSK,
Microchip Technology,electronics-technology,Microchip Technology Incorporated,MCHP,
Sun Life Financial,financial-services,Sun Life Financial Inc.,SLF,
Haleon,beauty-personal-care,Haleon plc,HLN,
Fomento Economico Mexicano S.A.B. de C.V.,food-beverage,Fomento Economico Mexicano S.A.B. de C.V.,FMX,
Westinghouse Air Brake Technologies,transport-logistics,Westinghouse Air Brake Technologies Corporation,WAB,
Ferguson Enterprises,miscellaneous,Ferguson Enterprises Inc.,FERG,
Take-Two Interactive Software,consumer-discretionary,Take-Two Interactive Software Inc.,TTWO,
IDEXX Laboratories,healthcare-life-sciences,IDEXX Laboratories Inc.,IDXX,
Viking Holdings,transport-logistics,Viking Holdings Ltd,VIK,
Cerebras Systems,electronics-technology,Cerebras Systems Inc.,CBRS,
Chipotle Mexican Grill,food-beverage,Chipotle Mexican Grill Inc.,CMG,
Waste Connections,utilities,Waste Connections Inc.,WCN,
KB Financial Group,financial-services,KB Financial Group Inc,KB,
CoreWeave,software-internet,CoreWeave Inc.,CRWV,
Axon Enterprise,industrials,Axon Enterprise Inc.,AXON,
Woodside Energy Group,energy-utilities,Woodside Energy Group Limited,WDS,
Becton Dickinson,healthcare-life-sciences,Becton Dickinson and Company,BDX,
American International Group Inc. New,financial-services,American International Group Inc. New,AIG,
Credo Technology Group Holding,electronics-technology,Credo Technology Group Holding Ltd,CRDO,
JD.com,consumer-discretionary,JD.com Inc.,JD,
Keurig Dr Pepper,food-beverage,Keurig Dr Pepper Inc.,KDP,
Live Nation Entertainment,consumer-discretionary,Live Nation Entertainment Inc.,LYV,
Archer-Daniels-Midland,food-beverage,Archer-Daniels-Midland Company,ADM,
D.R. Horton,real-estate-construction,D.R. Horton Inc.,DHI,
Prudential Financial,financial-services,Prudential Financial Inc.,PRU,
CBRE Group,financial-services,CBRE Group Inc,CBRE,
Consolidated Edison,utilities,Consolidated Edison Inc.,ED,
Paychex,industrials,Paychex Inc.,PAYX,
MSCI,consumer-discretionary,MSCI Inc.,MSCI,
Thomson Reuters,media-entertainment,Thomson Reuters Corporation,TRI,
Yum! Brands,food-beverage,Yum! Brands Inc.,YUM,
Franco-Nevada,materials-mining,Franco-Nevada Corporation,FNV,
Ares Management,financial-services,Ares Management Corporation,ARES,
Rocket Lab,industrials-defense,Rocket Lab Corporation,RKLB,
AngloGold Ashanti,materials-mining,AngloGold Ashanti PLC,AU,
Rocket Companies,financial-services,Rocket Companies Inc.,RKT,
Sysco,consumer-discretionary,Sysco Corporation,SYY,
Public Service Enterprise Group,utilities,Public Service Enterprise Group Incorporated,PEG,
United Airlines Holdings,transport-logistics,United Airlines Holdings Inc.,UAL,
Revolution Medicines,healthcare-life-sciences,Revolution Medicines Inc.,RVMD,
The Hartford Insurance Group,financial-services,The Hartford Insurance Group Inc.,HIG,
Natera,healthcare-life-sciences,Natera Inc.,NTRA,
Banco Bradesco Sa,financial-services,Banco Bradesco Sa,BBD,
Iron Mountain,real-estate-construction,Iron Mountain Incorporated,IRM,
Cameco,materials-mining,Cameco Corporation,CCJ,
Agilent Technologies,healthcare-life-sciences,Agilent Technologies Inc.,A,
Celestica,industrials-defense,Celestica Inc.,CLS,
Honda Motor,automotive,Honda Motor Company Ltd.,HMC,
Alnylam Pharmaceuticals,healthcare-life-sciences,Alnylam Pharmaceuticals Inc.,ALNY,
Credicorp,financial-services,Credicorp Ltd.,BAP,
Baidu,software-internet,Baidu Inc.,BIDU,
Prudential Public,financial-services,Prudential Public Limited Company,PUK,
Teva Pharmaceutical Industries,healthcare-life-sciences,Teva Pharmaceutical Industries Limited,TEVA,
Huntington Bancshares,financial-services,Huntington Bancshares Incorporated,HBAN,
Kenvue,materials-mining,Kenvue Inc.,KVUE,
Strategy,software-internet,Strategy Inc,MSTR,
WEC Energy Group,utilities,WEC Energy Group Inc.,WEC,
Vodafone Group,electronics-technology,Vodafone Group Plc,VOD,
M&T Bank,financial-services,M&T Bank Corporation,MTB,
Waters,healthcare-life-sciences,Waters Corporation,WAT,
Elbit Systems,industrials-defense,Elbit Systems Ltd.,ESLT,
Vulcan Materials Company (Holding Company),materials-mining,Vulcan Materials Company (Holding Company),VMC,
Carnival,transport-logistics,Carnival Corporation Ltd.,CCL,
Kimberly-Clark,consumer-discretionary,Kimberly-Clark Corporation,KMB,
Roper Technologies,software-internet,Roper Technologies Inc.,ROP,
ON Semiconductor,electronics-technology,ON Semiconductor Corporation,ON,
Reddit,technology,Reddit Inc.,RDDT,
Workday,technology,Workday Inc.,WDAY,
BeOne Medicines,healthcare-life-sciences,BeOne Medicines Ltd.,ONC,
Kroger,food-beverage,Kroger Company (The),KR,
Arch Capital Group,financial-services,Arch Capital Group Ltd.,ACGL,
Venture Global,energy-utilities,Venture Global Inc.,VG,
The Hershey,consumer-staples,The Hershey Company,HSY,
TKO Group Holdings,consumer-discretionary,TKO Group Holdings Inc.,TKO,
Alcon,healthcare-life-sciences,Alcon Inc.,ALC,
Shinhan Financial Group,financial-services,Shinhan Financial Group Co Ltd,SHG,
Northern Trust,financial-services,Northern Trust Corporation,NTRS,
Steel Dynamics,materials-mining,Steel Dynamics Inc.,STLD,
Restaurant Brands International,food-beverage,Restaurant Brands International Inc.,QSR,
Crown Castle,real-estate-construction,Crown Castle Inc.,CCI,
Ecopetrol,energy-utilities,Ecopetrol S.A.,EC,
IQVIA Holdings,healthcare-life-sciences,IQVIA Holdings Inc.,IQV,
EMCOR Group,industrials,EMCOR Group Inc.,EME,
Jabil,industrials-defense,Jabil Inc.,JBL,
Martin Marietta Materials,materials-mining,Martin Marietta Materials Inc.,MLM,
Chunghwa Telecom,electronics-technology,Chunghwa Telecom Co. Ltd.,CHT,
Royalty Pharma,healthcare-life-sciences,Royalty Pharma plc,RPRX,
Ubiquiti,media-entertainment,Ubiquiti Inc.,UI,
Raymond James Financial,financial-services,Raymond James Financial Inc.,RJF,
Centene,healthcare-life-sciences,Centene Corporation,CNC,
GlobalFoundries,electronics-technology,GlobalFoundries Inc.,GFS,
NetApp,electronics-technology,NetApp Inc.,NTAP,
Ericsson,media-entertainment,Ericsson,ERIC,
Nutrien,materials-mining,Nutrien Ltd.,NTR,
Casey's General Stores,retail-ecommerce,Casey's General Stores Inc.,CASY,
Expedia Group,transport-logistics,Expedia Group Inc.,EXPE,
Zoetis,healthcare-life-sciences,Zoetis Inc.,ZTS,
Ryanair Holdings,transport-logistics,Ryanair Holdings plc,RYAAY,
Ingersoll Rand,industrials-defense,Ingersoll Rand Inc.,IR,
Veeva Systems,software-internet,Veeva Systems Inc.,VEEV,
Extra Space Storage,real-estate-construction,Extra Space Storage Inc,EXR,
EQT,energy-utilities,EQT Corporation,EQT,
The Kraft Heinz,food-beverage,The Kraft Heinz Company,KHC,
Cboe Global Markets,financial-services,Cboe Global Markets Inc.,CBOE,
Ameren,utilities,Ameren Corporation,AEE,
Las Vegas Sands,travel-hospitality,Las Vegas Sands Corp.,LVS,
Citizens Financial Group,financial-services,Citizens Financial Group Inc.,CFG,
Tenaris,materials-mining,Tenaris S.A.,TS,
DTE Energy,energy-utilities,DTE Energy Company,DTE,
Twilio,software-internet,Twilio Inc.,TWLO,
Edison International,energy-utilities,Edison International,EIX,
Biogen,healthcare-life-sciences,Biogen Inc.,BIIB,
Estee Lauder Companies,beauty-personal-care,Estee Lauder Companies Inc. (The),EL,
Teledyne Technologies,industrials-defense,Teledyne Technologies Incorporated,TDY,
Fortis,energy-utilities,Fortis Inc.,FTS,
Pembina Pipeline,energy-utilities,Pembina Pipeline Corp.,PBA,
Atmos Energy,energy-utilities,Atmos Energy Corporation,ATO,
Qnity Electronics,electronics-technology,Qnity Electronics Inc.,Q,
TechnipFMC,energy-utilities,TechnipFMC plc,FTI,
Illumina,healthcare-life-sciences,Illumina Inc.,ILMN,
DexCom,healthcare-life-sciences,DexCom Inc.,DXCM,
Gold Fields,materials-mining,Gold Fields Limited,GFI,
Carpenter Technology,materials-mining,Carpenter Technology Corporation,CRS,
Texas Pacific Land,energy-utilities,Texas Pacific Land Corporation,TPL,
Sunbelt Rentals Holdings,consumer-discretionary,Sunbelt Rentals Holdings Inc.,SUNB,
Coupang,retail-ecommerce,Coupang Inc.,CPNG,
Tapestry,fashion-apparel,Tapestry Inc.,TPR,
VICI Properties,real-estate-construction,VICI Properties Inc.,VICI,
Dover,industrials-defense,Dover Corporation,DOV,
GE HealthCare Technologies,healthcare-life-sciences,GE HealthCare Technologies Inc.,GEHC,
Nomura Holdings Inc ADR,financial-services,Nomura Holdings Inc ADR,NMR,
ResMed,healthcare-life-sciences,ResMed Inc.,RMD,
Fair Isaac,consumer-discretionary,Fair Isaac Corporation,FICO,
Tower Semiconductor,electronics-technology,Tower Semiconductor Ltd.,TSEM,
NRG Energy,energy-utilities,NRG Energy Inc.,NRG,
Xylem,industrials,Xylem Inc.,XYL,
FirstEnergy,energy-utilities,FirstEnergy Corp.,FE,
AXIA Energia,energy-utilities,AXIA Energia,AXIA,
CenterPoint Energy Inc (Holding Co),energy-utilities,CenterPoint Energy Inc (Holding Co),CNP,
Kinross Gold,materials-mining,Kinross Gold Corporation,KGC,
Otis Worldwide,home-consumer,Otis Worldwide Corporation,OTIS,
Halliburton,energy-utilities,Halliburton Company,HAL,
Cincinnati Financial,financial-services,Cincinnati Financial Corporation,CINF,
EchoStar,electronics-technology,EchoStar Corporation,ECHO,
J.B. Hunt Transport Services,transport-logistics,J.B. Hunt Transport Services Inc.,JBHT,
Teck Resources,materials-mining,Teck Resources Ltd,TECK,
Trip.com Group,consumer-discretionary,Trip.com Group Limited,TCOM,
Eversource Energy (D/B/A),energy-utilities,Eversource Energy (D/B/A),ES,
W.R. Berkley,financial-services,W.R. Berkley Corporation,WRB,
Fiserv,consumer-discretionary,Fiserv Inc.,FISV,
Dollar General,retail-ecommerce,Dollar General Corporation,DG,
MasTec,industrials,MasTec Inc.,MTZ,
Willis Towers Watson Public,financial-services,Willis Towers Watson Public Limited Company,WTW,
Amrize,industrials,Amrize Ltd,AMRZ,
AerCap Holdings,consumer-discretionary,AerCap Holdings N.V.,AER,
AvalonBay Communities,real-estate-construction,AvalonBay Communities Inc.,AVB,
PPL,energy-utilities,PPL Corporation,PPL,
Curtiss-Wright,industrials-defense,Curtiss-Wright Corporation,CW,
Regions Financial,financial-services,Regions Financial Corporation,RF,
LPL Financial Holdings,financial-services,LPL Financial Holdings Inc.,LPLA,
ATI,materials-mining,ATI Inc.,ATI,
Zoom Communications,software-internet,Zoom Communications Inc.,ZM,
Koninklijke Philips,healthcare-life-sciences,Koninklijke Philips N.V.,PHG,
Mettler-Toledo International,healthcare-life-sciences,Mettler-Toledo International Inc.,MTD,
Williams-Sonoma,home-consumer,Williams-Sonoma Inc.,WSM,
MongoDB,software-internet,MongoDB Inc.,MDB,
PPG Industries,consumer-discretionary,PPG Industries Inc.,PPG,
nVent Electric,industrials-defense,nVent Electric plc,NVT,
American Water Works,utilities,American Water Works Company Inc.,AWK,
Equity Residential,real-estate-construction,Equity Residential,EQR,
Hubbell,industrials-defense,Hubbell Inc,HUBB,
Verisk Analytics,industrials,Verisk Analytics Inc.,VRSK,
Symbotic,industrials-defense,Symbotic Inc.,SYM,
West Pharmaceutical Services,healthcare-life-sciences,West Pharmaceutical Services Inc.,WST,
T. Rowe Price Group,financial-services,T. Rowe Price Group Inc.,TROW,
Affirm Holdings,financial-services,Affirm Holdings Inc.,AFRM,
Copart Inc. (DE),retail-ecommerce,Copart Inc. (DE),CPRT,
XPO,transport-logistics,XPO Inc.,XPO,
Roivant Sciences,healthcare-life-sciences,Roivant Sciences Ltd.,ROIV,
KeyCorp,financial-services,KeyCorp,KEY,
AST SpaceMobile,electronics-technology,AST SpaceMobile Inc.,ASTS,
C.H. Robinson Worldwide,transport-logistics,C.H. Robinson Worldwide Inc.,CHRW,
VeriSign,technology,VeriSign Inc.,VRSN,
Liberty Media Corporation Series C Liberty Formula One,media-entertainment,Liberty Media Corporation Series C Liberty Formula One,FWONK,
Markel Group,financial-services,Markel Group Inc.,MKL,
Okta,software-internet,Okta Inc.,OKTA,
Dollar Tree,retail-ecommerce,Dollar Tree Inc.,DLTR,
Synchrony Financial,financial-services,Synchrony Financial,SYF,
Everpure,electronics-technology,Everpure Inc.,P,
Fox,media-entertainment,Fox Corporation,FOXA,
Woodward,energy-utilities,Woodward Inc.,WWD,
Zscaler,technology,Zscaler Inc.,ZS,
First Citizens BancShares,financial-services,First Citizens BancShares Inc.,FCNCA,
Rivian Automotive,automotive,Rivian Automotive Inc.,RIVN,
Corpay,consumer-discretionary,Corpay Inc.,CPAY,
On Holding,fashion-apparel,On Holding AG,ONON,
Southwest Airlines,transport-logistics,Southwest Airlines Company,LUV,
Intercontinental Hotels Group,travel-hospitality,Intercontinental Hotels Group,IHG,
Principal Financial Group,financial-services,Principal Financial Group Inc,PFG,
Moderna,healthcare-life-sciences,Moderna Inc.,MRNA,
Incyte,healthcare-life-sciences,Incyte Corp.,INCY,
PulteGroup,real-estate-construction,PulteGroup Inc.,PHM,
Loews,financial-services,Loews Corporation,L,
Bending Spoons S.p.A.,software-internet,Bending Spoons S.p.A.,BSP,
Bunge,food-beverage,Bunge Limited,BG,
Insmed,healthcare-life-sciences,Insmed Incorporated,INSM,
Expeditors International of Washington,transport-logistics,Expeditors International of Washington Inc.,EXPD,
F5,telecom,F5 Inc.,FFIV,
MKS,industrials-defense,MKS Inc.,MKSI,
Atlassian,software-internet,Atlassian Corporation,TEAM,
Tradeweb Markets,financial-services,Tradeweb Markets Inc.,TW,
Labcorp Holdings,healthcare-life-sciences,Labcorp Holdings Inc.,LH,
Quest Diagnostics,healthcare-life-sciences,Quest Diagnostics Incorporated,DGX,
Omnicom Group,consumer-discretionary,Omnicom Group Inc.,OMC,
Smurfit WestRock,consumer-discretionary,Smurfit WestRock plc,SW,
Church & Dwight,beauty-personal-care,Church & Dwight Company Inc.,CHD,
Constellation Brands,food-beverage,Constellation Brands Inc.,STZ,
United Therapeutics,healthcare-life-sciences,United Therapeutics Corporation,UTHR,
Liberty Media Corporation Series A Liberty Formula One,media-entertainment,Liberty Media Corporation Series A Liberty Formula One,FWONA,
Brown & Brown,financial-services,Brown & Brown Inc.,BRO,
HP,electronics-technology,HP Inc.,HPQ,
Telefonica Brasil,electronics-technology,Telefonica Brasil S.A.,VIV,
Dow,materials-mining,Dow Inc.,DOW,
SoFi Technologies,financial-services,SoFi Technologies Inc.,SOFI,
First Solar,electronics-technology,First Solar Inc.,FSLR,
CMS Energy,utilities,CMS Energy Corporation,CMS,
Veralto,industrials-defense,Veralto Corp,VLTO,
INNIO,materials-mining,INNIO N.V.,INIO,
Darden Restaurants,food-beverage,Darden Restaurants Inc.,DRI,
Burlington Stores,retail-ecommerce,Burlington Stores Inc.,BURL,
Global Payments,consumer-discretionary,Global Payments Inc.,GPN,
MACOM Technology Solutions Holdings,electronics-technology,MACOM Technology Solutions Holdings Inc.,MTSI,
Entegris,industrials,Entegris Inc.,ENTG,
Fidelity National Information Services,consumer-discretionary,Fidelity National Information Services Inc.,FIS,
NiSource,utilities,NiSource Inc,NI,
Samsara,technology,Samsara Inc.,IOT,
FTAI Aviation,industrials,FTAI Aviation Ltd.,FTAI,
Rollins,consumer-discretionary,Rollins Inc.,ROL,
Roku,media-entertainment,Roku Inc.,ROKU,
Ulta Beauty,consumer-discretionary,Ulta Beauty Inc.,ULTA,
Snap-On,industrials-defense,Snap-On Incorporated,SNA,
Sterling Infrastructure,industrials-defense,Sterling Infrastructure Inc.,STRL,
SharkNinja,home-consumer,SharkNinja Inc.,SN,
Expand Energy,energy-utilities,Expand Energy Corporation,EXE,
US Foods Holding,consumer-discretionary,US Foods Holding Corp.,USFD,
Cognizant Technology Solutions,technology,Cognizant Technology Solutions Corporation,CTSH,
STERIS plc (Ireland),healthcare-life-sciences,STERIS plc (Ireland),STE,
Banco De Chile,financial-services,Banco De Chile,BCH,
RB Global,consumer-discretionary,RB Global Inc.,RBA,
Packaging Corporation of America,consumer-discretionary,Packaging Corporation of America,PKG,
BCE,electronics-technology,BCE Inc.,BCE,
YPF Sociedad Anonima,energy-utilities,YPF Sociedad Anonima,YPF,
Amcor,consumer-discretionary,Amcor plc,AMCR,
Tyson Foods,consumer-staples,Tyson Foods Inc.,TSN,
Viatris,healthcare-life-sciences,Viatris Inc.,VTRS,
Guardant Health,healthcare-life-sciences,Guardant Health Inc.,GH,
LyondellBasell Industries NV,materials-mining,LyondellBasell Industries NV,LYB,
Equifax,financial-services,Equifax Inc.,EFX,
General Mills,food-beverage,General Mills Inc.,GIS,
Lennar,real-estate-construction,Lennar Corporation,LEN,
Companhia de saneamento Basico Do Estado De Sao Paulo - Sabesp,utilities,Companhia de saneamento Basico Do Estado De Sao Paulo - Sabesp,SBS,
International Flavors & Fragrances,materials-mining,International Flavors & Fragrances Inc.,IFF,
Reliance,materials-mining,Reliance Inc.,RS,
TD SYNNEX,retail-ecommerce,TD SYNNEX Corporation,SNX,
Evergy,utilities,Evergy Inc.,EVRG,
Sociedad Quimica y Minera,materials-mining,Sociedad Quimica y Minera S.A.,SQM,
Wipro,technology,Wipro Limited,WIT,
International Paper,materials-mining,International Paper Company,IP,
Amer Sports,fashion-apparel,Amer Sports Inc.,AS,
Cemex S.A.B. de C.V. Sponsored ADR,industrials,Cemex S.A.B. de C.V. Sponsored ADR,CX,
SBA Communications,real-estate-construction,SBA Communications Corporation,SBAC,
Fabrinet,electronics-technology,Fabrinet,FN,
CF Industries Holdings,materials-mining,CF Industries Holdings Inc.,CF,
DuPont de Nemours,materials-mining,DuPont de Nemours Inc.,DD,
KE Holdings,financial-services,KE Holdings Inc,BEKE,
Dick's Sporting Goods,consumer-discretionary,Dick's Sporting Goods Inc,DKS,
Essex Property Trust,real-estate-construction,Essex Property Trust Inc.,ESS,
Alliant Energy,utilities,Alliant Energy Corporation,LNT,
Pan American Silver,materials-mining,Pan American Silver Corp.,PAAS,
Rogers Communication,media-entertainment,Rogers Communication Inc.,RCI,
Magna International,consumer-discretionary,Magna International Inc.,MGA,
Lattice Semiconductor,electronics-technology,Lattice Semiconductor Corporation,LSCC,
Fortive,industrials-defense,Fortive Corporation,FTV,
ZTO Express (Cayman),transport-logistics,ZTO Express (Cayman) Inc.,ZTO,
Lennox International,industrials-defense,Lennox International Inc.,LII,
RBC Bearings,materials-mining,RBC Bearings Incorporated,RBC,
East West Bancorp,financial-services,East West Bancorp Inc.,EWBC,
Arxis,industrials-defense,Arxis Inc.,ARXS,
FedEx Freight Holding,transport-logistics,FedEx Freight Holding Company Inc.,FDXF,
Flutter Entertainment,software-internet,Flutter Entertainment plc,FLUT,
Akamai Technologies,consumer-discretionary,Akamai Technologies Inc.,AKAM,
Charter Communications,media-entertainment,Charter Communications Inc.,CHTR,
Hyatt Hotels,travel-hospitality,Hyatt Hotels Corporation,H,
Neurocrine Biosciences,healthcare-life-sciences,Neurocrine Biosciences Inc.,NBIX,
Invitation Homes,financial-services,Invitation Homes Inc.,INVH,
Toast,technology,Toast Inc.,TOST,
Talen Energy,energy-utilities,Talen Energy Corporation,TLN,
Best Buy,home-consumer,Best Buy Co. Inc.,BBY,
Kimco Realty Corporation (HC),real-estate-construction,Kimco Realty Corporation (HC),KIM,
Permian Resources,energy-utilities,Permian Resources Corporation,PR,
Circle Internet Group,financial-services,Circle Internet Group Inc.,CRCL,
SiTime,electronics-technology,SiTime Corporation,SITM,
Zimmer Biomet Holdings,healthcare-life-sciences,Zimmer Biomet Holdings Inc.,ZBH,
NVR,real-estate-construction,NVR Inc.,NVR,
UL Solutions,healthcare-life-sciences,UL Solutions Inc.,ULS,
Aegon,financial-services,Aegon Ltd.,AEG,
Madison Air Solutions,industrials,Madison Air Solutions Corporation,MAIR,
News,materials-mining,News Corporation,NWS,
Performance Food Group,consumer-discretionary,Performance Food Group Company,PFGC,
ITT,industrials,ITT Inc.,ITT,
Weyerhaeuser,real-estate-construction,Weyerhaeuser Company,WY,
APi Group,consumer-discretionary,APi Group Corporation,APG,
Franklin Resources,financial-services,Franklin Resources Inc.,BEN,
Tenet Healthcare,healthcare-life-sciences,Tenet Healthcare Corporation,THC,
Broadridge Financial Solutions,consumer-discretionary,Broadridge Financial Solutions Inc.,BR,
Stellantis,automotive,Stellantis N.V.,STLA,
Ball,industrials,Ball Corporation,BALL,
W. P. Carey Inc. REIT,real-estate-construction,W. P. Carey Inc. REIT,WPC,
POSCO HOLDINGS,materials-mining,POSCO HOLDINGS INC.,PKX,
Annaly Capital Management,real-estate-construction,Annaly Capital Management Inc.,NLY,
Joint Stock Company Kaspi.kz,diversified,Joint Stock Company Kaspi.kz,KSPI,
Ovintiv Inc. (DE),energy-utilities,Ovintiv Inc. (DE),OVV,
CDW,retail-ecommerce,CDW Corporation,CDW,
Host Hotels & Resorts,real-estate-construction,Host Hotels & Resorts Inc.,HST,
Amkor Technology,electronics-technology,Amkor Technology Inc.,AMKR,
TPG,financial-services,TPG Inc.,TPG,
Millicom International Cellular,electronics-technology,Millicom International Cellular S.A.,TIGO,
Royal Gold,materials-mining,Royal Gold Inc.,RGLD,
Emera,energy-utilities,Emera Incorporated,EMA,
HF Sinclair,energy-utilities,HF Sinclair Corporation,DINO,
IDEX,industrials,IDEX Corporation,IEX,
SS&C Technologies Holdings,software-internet,SS&C Technologies Holdings Inc.,SSNC,
Nextpower,industrials-defense,Nextpower Inc.,NXT,
Lamar Advertising,real-estate-construction,Lamar Advertising Company,LAMR,
The Carlyle Group,financial-services,The Carlyle Group Inc.,CG,
Nordson,industrials-defense,Nordson Corporation,NDSN,
Clean Harbors,industrials,Clean Harbors Inc.,CLH,
BridgeBio Pharma,healthcare-life-sciences,BridgeBio Pharma Inc.,BBIO,
Banco Santander - Chile,financial-services,Banco Santander - Chile,BSAC,
Viper Energy,energy-utilities,Viper Energy Inc.,VNOM,
WESCO International,electronics-technology,WESCO International Inc.,WCC,
Textron,industrials-defense,Textron Inc.,TXT,
Telus,electronics-technology,Telus Corporation,TU,
Gen Digital,software-internet,Gen Digital Inc.,GEN,
BWX Technologies,industrials-defense,BWX Technologies Inc.,BWXT,
Ascendis Pharma A/S,healthcare-life-sciences,Ascendis Pharma A/S,ASND,
Genuine Parts,automotive,Genuine Parts Company,GPC,
Reinsurance Group of America,financial-services,Reinsurance Group of America Incorporated,RGA,
Jazz Pharmaceuticals,healthcare-life-sciences,Jazz Pharmaceuticals plc,JAZZ,
Coeur Mining,materials-mining,Coeur Mining Inc.,CDE,
Tractor Supply,retail-ecommerce,Tractor Supply Company,TSCO,
Masco,industrials,Masco Corporation,MAS,
Rubrik,software-internet,Rubrik Inc.,RBRK,
Woori Financial Group,financial-services,Woori Financial Group Inc.,WF,
Mid-America Apartment Communities,real-estate-construction,Mid-America Apartment Communities Inc.,MAA,
Healthpeak Properties,real-estate-construction,Healthpeak Properties Inc.,DOC,
Jacobs Solutions,industrials-defense,Jacobs Solutions Inc.,J,
Wise Group,industrials,Wise Group plc,WSE,
Yum China Holdings,food-beverage,Yum China Holdings Inc.,YUMC,
Quantinuum,technology,Quantinuum Inc.,QNT,
Rentokil Initial,consumer-discretionary,Rentokil Initial plc,RTO,
